SCIname,COMname,common,genera,subfam,famcode,PD,Lmax,borrowed
Engraulidae,"ANCHOVIES,UNSPECIFIED",NA,NA,Engraulidae,anchovies,pelagic-neritic,16.75,1
Anchoa hepsetus,"ANCHOVY,STRIPED",Broad-striped anchovy,5863,Engraulinae,anchovies,pelagic-neritic,15.30000019,
Cetengraulis edentulus,"ANCHOVETA,ATLANTIC",Atlantic anchoveta,6317,Engraulinae,anchovies,pelagic-neritic,18.20000076,
Pomacanthus paru,"ANGELFISH,FRENCH",French angelfish,1144,NA,angelfishes,reef-associated,41.09999847,
Holacanthus ciliaris,"ANGELFISH,QUEEN",Queen angelfish,2304,NA,angelfishes,reef-associated,45,
Pomacanthus arcuatus,"ANGELFISH,GRAY",Gray angelfish,1144,NA,angelfishes,reef-associated,60,
Polydactylus virginicus,BARBU,Barbu,5203,NA,other,demersal,33,
Sphyraena guachancho,"BARRACUDA,GUAGUANCHE",Guachanche barracuda,997,NA,barracudas,pelagic-neritic,200,
Sphyraena picudilla,"BARRACUDA,SOUTHERN SENNNET",Southern sennet,997,NA,barracudas,reef-associated,61,
Sphyraena barracuda,"BARRACUDA,GREAT",Great barracuda,997,NA,barracudas,reef-associated,200,
Sphyraenidae,BARRACUDA,NA,NA,Sphyraenidae,barracudas,reef-associated,200,
Ogcocephalus nasutus,"BATFISH,SHORTNOSE",Shortnose batfish,2857,NA,batfishes,reef-associated,38,
Ogcocephalidae,"BATFISH,UNSPECIFIED",NA,NA,Ogcocephalidae,batfishes,reef-associated,38,
Polymixia lowei,BEARDFISH,Beardfish,2622,NA,other,bathydemersal,20,
Priacanthus arenatus,BIGEYE,Atlantic bigeye,5555,NA,bigeye,reef-associated,50,
Heteropriacanthus cruentatus,GLASSEYE SNAPPER,Glasseye,10162,NA,bigeye,reef-associated,50.70000076,
Priacanthidae,BIGEYE,NA,NA,Priacanthidae,bigeye,reef-associated,50,1
Istiophoridae,"MARLIN,UNSPECIFIED",NA,NA,Istiophoridae,billfishes,pelagic,300,1
Tetrapturus albidus,"MARLIN,WHITE",Atlantic white marlin,NA,Istiophoridae,billfishes,pelagic,300,
Xiphias gladius,SWORDFISH,Swordfish,2618,NA,billfishes,pelagic-oceanic,455,
Istiophorus platypterus,SAILFISH,Indo-Pacific sailfish,3516,NA,billfishes,pelagic-oceanic,348,
Makaira nigricans,"MARLIN,BLUE",Blue marlin,189,NA,billfishes,pelagic-oceanic,500,
Xiphiidae,SWORDFISH,Swordfish,NA,Xiphiidae,billfishes,pelagic,455,
Albulidae,BONEFISH,NA,NA,Albulidae,bonefish,reef-associated,104,1
Albula vulpes,BONEFISH,Bonefish,1008,Albulinae,bonefish,reef-associated,104,
Lactophrys,"TRUNKFISH,UNSPECIFIED",Spotted trunkfish,NA,Lactophrys,boxfishes,reef-associated,48,1
Lactophrys bicaudalis,"TRUNKFISH, SPOTTED",Spotted trunkfish,NA,Lactophrys,boxfishes,reef-associated,48,
Ostraciidae,"BOXFISH,UNSPECIFIED",Honeycomb cowfish,NA,Ostraciidae,boxfishes,reef-associated,50,1
Acanthostracion polygonius,"COWFISH,HONEYCOMBED",Honeycomb cowfish,4119,NA,boxfishes,reef-associated,50,
Acanthostracion quadricornis,SCRAWLED COWFISH,Scrawled cowfish,4119,NA,boxfishes,reef-associated,55,
Brotula barbata,"BROTULA,BEARDED",Bearded brotula,2662,Brotulinae,other,reef-associated,94,
Chaetodontidae,"BUTTERFLYFISH,UNSPECIFIED",NA,NA,Chaetodontidae,butterflyfishes,reef-associated,17,1
Chaetodon capistratus,"BUTTERFLYFISH,FOUREYE",Foureye butterflyfish,364,NA,butterflyfishes,reef-associated,15,
Chaetodon striatus,"BUTTERFLYFISH,BANDED",Banded butterflyfish,364,NA,butterflyfishes,reef-associated,16,
Chaetodon ocellatus,"BUTTERFLYFISH,SPOTFIN",Spotfin butterflyfish,364,NA,butterflyfishes,reef-associated,20,
Apogonidae,CARDINALFISH,NA,NA,Apogonidae,cardinalfishes,reef-associated,11.10000038,1
Apogon maculatus,FLAMEFISH,Flamefish,3391,Apogoninae,cardinalfishes,reef-associated,11.10000038,
Kyphosidae,"CHUB,RUDDERFISH",NA,NA,Kyphosidae,chubs,reef-associated,76,
Kyphosus sectatrix,"CHUB,BERMUDA",Bermuda sea chub,6764,NA,chubs,reef-associated,76,
Kyphosus incisor,"CHUB,YELLOW",Yellow sea chub,6764,NA,chubs,reef-associated,90,
Bivalvia,"CLAM,UNSPECIFIED",NA,NA,Bivalvia,clams,invert,NA,
Rachycentron canadum,COBIA,Cobia,3309,NA,cobia,reef-associated,200,
Rachycentridae,COBIA,NA,NA,Rachycentridae,cobia,reef-associated,200,
Strombus gigas,"CONCH,QUEEN",NA,NA,NA,conch,invert,NA,
Decapoda,"CRAB,UNSPECIFIED",NA,NA,Decapoda,crabs,invert,NA,
Callinectes sapidus,"CRAB,BLUE",NA,NA,NA,crabs,invert,NA,
Cardisoma guanhumi,"CRAB,BLUE LAND",NA,NA,NA,crabs,invert,NA,
Carpilius corallinus,"CRAB,CORAL",NA,NA,NA,crabs,invert,NA,
Calappa flammea,"CRAB,FLAME BOX",NA,NA,NA,crabs,invert,NA,
Arenaeus cribrarius,"CRAB,SPECKLED SWIMMING",NA,NA,NA,crabs,invert,NA,
Ophidiidae,"CUSK-EELS,UNSPECIFIED",Marbled cusk eel,NA,Ophidiidae,other,demersal,22,1
Trichiurus lepturus,"CUTLASSFISH,ATLANTIC",Largehead hairtail,1874,Trichiurinae,cutlassfish,benthopelagic,234,
Trichiuridae,CUTLASSFISH,NA,NA,Trichiurinae,cutlassfish,benthopelagic,234,1
Pomacentridae,"DAMSELFISH,UNSPECIFIED",NA,NA,Pomacentridae,damselfishes,reef-associated,21.45,1
Chromis multilineata,"DAMSELFISH,BROWN CHROMIS",Brown chromis,2049,Pomacentrinae,damselfishes,reef-associated,20,
Abudefduf saxatilis,"DAMSELFISH,SERGEANT MAJOR",Sergeant-major,7803,Pomacentrinae,damselfishes,reef-associated,22.89999962,
Coryphaenidae,DOLPHINFISH,Coryphaena hippurus,NA,Coryphaenidae,dolphinfish,pelagic-oceanic,210,
Coryphaena hippurus,DOLPHINFISH,Common dolphinfish,6651,NA,dolphinfish,pelagic-neritic,210,
Coryphaena equiselis,"DOLPHINFISH,POMPANO",Pompano dolphinfish,6651,NA,dolphinfish,pelagic-oceanic,145.6999969,
Umbrina coroides,"DRUM,SAND",Sand drum,1644,NA,drums,demersal,35,
Bairdiella ronchus,"DRUMMER,GROUND",Ground croaker,3481,NA,drums,demersal,35,
Cynoscion jamaicensis,"DRUMMER,MONGOLAR",Jamaica weakfish,5172,NA,drums,demersal,50,
Micropogonias furnieri,"DRUMMER,WHITEMOUTH",Whitemouth croaker,124,NA,drums,demersal,60,
Equetus punctatus,"DRUM,SPOTTED",Spotted drum,3517,NA,drums,reef-associated,27,
Odontoscion dentex,"DRUM,REEF CROAKER",Reef croaker,5824,NA,drums,reef-associated,30,
Equetus lanceolatus,"DRUM,JACKKNIFE-FISH",Jack-knifefish,NA,Sciaenidae,drums,reef-associated,25,
Sciaenidae,"DRUM,UNSPECIFIED",NA,NA,Sciaenidae,drums,reef-associated,25,1
Conger,"EEL,CONGER",NA,NA,Conger,eels,reef-associated,100,1
Conger triporiceps,"EEL,CONGER,MANYTOOTH",Manytooth conger,8995,Congrinae,eels,reef-associated,100,
Muraenidae,"EEL,MORAYS,UNSPECIFIED",NA,NA,Muraenidae,eels,reef-associated,146.67,1
Gymnothorax ocellatus,"EEL,MORAY",Ocellated moray,3758,Muraeninae,eels,reef-associated,90,
Enchelycore nigricans,"EEL,MORAY,VIPER",Viper moray,1716,Muraeninae,eels,reef-associated,100,
Gymnothorax funebris,"EEL,MORAY,GREEN",Green moray,3758,Muraeninae,eels,reef-associated,250,
Anguilla rostrata,"EEL,AMERICAN",American eel,9424,NA,eels,demersal,152,
Monacanthus setifer,"FILEFISH,PYGMY",Pygmy filefish,NA,Monacanthidae,filefishes,reef-associated,20,
Aluterus schoepfi,"FILEFISH,ORANGE",Orange filefish,NA,Monacanthidae,filefishes,reef-associated,61,
Cantherhines pullus,"FILEFISH,ORANGESPOTTED",Orangespotted filefish,508,NA,filefishes,reef-associated,20,
Cypselurus melanurus,"FLYINGFISH, ATLANTIC",NA,NA,Exocoetidae,flyingfish,pelagic,32,
Exocoetidae,"FLYINGFISH,UNSPECIFIED",NA,NA,Exocoetidae,flyingfish,pelagic,32,
Antennariidae,FROGFISHES,NA,NA,Antennariidae,other,reef-associated,20,1
Mullidae,"GOATFISH,UNSPECIFIED",NA,NA,Mullidae,goatfishes,reef-associated,37.4,
Pseudupeneus maculatus,"GOATFISH,SPOTTED",Spotted goatfish,2722,NA,goatfishes,reef-associated,30,
Mulloidichthys martinicus,"GOATFISH,YELLOW",Yellow goatfish,10232,NA,goatfishes,reef-associated,44.79999924,
Sicydium plumieri,"GOBY,SIRAJO",Sirajo,5237,Sicydiinae,other,benthopelagic,11,
Gonioplectrus hispanus,SPANISH FLAG,Spanish flag,4428,Epinephelinae,groupers,demersal,30,
Epinephelus adscensionis,"GROUPER,ROCK HIND",Rock hind,7755,Epinephelinae,groupers,demersal,65,
Paranthias furcifer,CREOLE-FISH,Creole-fish,3721,Epinephelinae,groupers,reef-associated,30,
Alphestes afer,"HAMLET,MUTTON",Mutton hamlet,8032,Epinephelinae,groupers,reef-associated,33,
Cephalopholis fulva,"GROUPER,CONEY",Coney,6535,Epinephelinae,groupers,reef-associated,44,
Epinephelus guttatus,"GROUPER,RED HIND",Red hind,7755,Epinephelinae,groupers,reef-associated,76,
Mycteroperca interstitialis,"GROUPER,YELLOWMOUTH",Yellowmouth grouper,4738,Epinephelinae,groupers,reef-associated,84,
Mycteroperca venenosa,"GROUPER,YELLOWFIN",Yellowfin grouper,4738,Epinephelinae,groupers,reef-associated,100,
Mycteroperca tigris,"GROUPER,TIGER",Tiger grouper,4738,Epinephelinae,groupers,reef-associated,101,
Epinephelus striatus,"GROUPER,NASSAU",Nassau grouper,7755,Epinephelinae,groupers,reef-associated,122,
Epinephelus morio,"GROUPER,RED",Red grouper,7755,Epinephelinae,groupers,reef-associated,125,
Mycteroperca bonaci,"GROUPER,BLACK",Black grouper,4738,Epinephelinae,groupers,reef-associated,150,
Epinephelus itajara,"GROUPER,GOLIATH",Atlantic goliath grouper,7755,Epinephelinae,groupers,reef-associated,250,
Epinephelus cruentatus,"GROUPER,GRAYSBY",Graysby,NA,Epinephelinae,groupers,reef-associated,42.6,
Epinephelus flavolimbatus,"GROUPER,YELLOWEDGE",Yellowedge grouper,NA,Epinephelinae,groupers,reef-associated,115,
Grammistidae,SOAPFISH,NA,NA,Grammistidae,groupers,reef-associated,35,1
Rypticus saponaceus,"SOAPFISH,GREATER",Greater soapfish,816,Grammistinae,groupers,reef-associated,35,
Epinephelus inermis,"GROUPER,MARBLED",Marbled grouper,NA,Serranidae,groupers,reef-associated,91,
Serranidae,"GROUPER,UNSPECIFIED",NA,NA,Serranidae,groupers,reef-associated,108.97,1
Epinephelus mystacinus,"GROUPER,MISTY",Misty grouper,NA,Serranidae,groupers,reef-associated,160,
Serranus tortugarum,"BASS,CHALK",Chalk bass,5359,Serraninae,groupers,reef-associated,8,
Hypoplectrus nigricans,"HAMLET,BLACK",Black hamlet,1363,Serraninae,groupers,reef-associated,15.23999977,
Serranus phoebe,TATTLER,Tattler,5359,Serraninae,groupers,reef-associated,20,
Serranus tabacarius,TOBACCOFISH,Tobaccofish,5359,Serraninae,groupers,reef-associated,22,
Diplectrum bivittatum,"SAND PERCH,DWARF",Dwarf sand perch,10490,Serraninae,groupers,reef-associated,25,
Haemulidae,"GRUNT,UNSPECIFIED",NA,NA,Haemulidae,grunts,demersal,41.785,1
Haemulon plumieri,"GRUNT,WHITE",NA,NA,Haemulidae,grunts,reef-associated,53,
Conodon nobilis,"GRUNT,BARRED",Barred grunt,4477,Haemulinae,grunts,demersal,33.59999847,
Pomadasys crocro,"GRUNT,BURRO",Burro grunt,3076,Haemulinae,grunts,demersal,38,
Haemulon chrysargyreum,"GRUNT,SMALLMOUTH",Smallmouth grunt,1239,Haemulinae,grunts,reef-associated,23,
Haemulon aurolineatum,"GRUNT,TOMTATE",Tomtate grunt,1239,Haemulinae,grunts,reef-associated,25,
Haemulon flavolineatum,"GRUNT,FRENCH",French grunt,1239,Haemulinae,grunts,reef-associated,30,
Haemulon melanurum,"GRUNT,COTTONWICK",Cottonwick grunt,1239,Haemulinae,grunts,reef-associated,33,
Haemulon carbonarium,"GRUNT,CAESAR",Caesar grunt,1239,Haemulinae,grunts,reef-associated,36,
Haemulon bonariense,"GRUNT,BLACK",Black grunt,1239,Haemulinae,grunts,reef-associated,40,
Anisotremus virginicus,"GRUNT,PORKFISH",Porkfish,1849,Haemulinae,grunts,reef-associated,40.59999847,
Haemulon macrostomum,"GRUNT,SPANISH",Spanish grunt,1239,Haemulinae,grunts,reef-associated,43,
Haemulon sciurus,"GRUNT,BLUESTRIPED",Bluestriped grunt,1239,Haemulinae,grunts,reef-associated,46,
Anisotremus surinamensis,"GRUNT,BLACK MARGATE",Black margate,1849,Haemulinae,grunts,reef-associated,76,
Haemulon album,"GRUNT,MARGATE",White margate,1239,Haemulinae,grunts,reef-associated,79,
Dactylopteridae,FLYING GUNARD,NA,NA,Dactylopteridae,gurnard,reef-associated,50,
Dactylopterus volitans,FLYING GUNARD,Flying gurnard,1858,NA,gurnard,reef-associated,50,
Hyporhamphus unifasciatus,"HALFBEAK,SILVERSTRIPE",Common halfbeak,2029,NA,halfbeaks,reef-associated,30,
Hemiramphus brasiliensis,BALLYHOO,Ballyhoo halfbeak,5247,NA,halfbeaks,reef-associated,55,
Harengula jaguana,"SARDINE,SCALED",Scaled herring,6654,Dorosomatinae,herrings,reef-associated,21.20000076,
Harengula humeralis,"SARDINE,REDEAR",Redear herring,6654,Dorosomatinae,herrings,reef-associated,22,
Harengula clupeola,FALSE PLICHARD,False herring,6654,Dorosomatinae,herrings,reef-associated,22.5,
Opisthonema oglinum,"HERRING,ATLANTIC THREAD",Atlantic thread herring,5705,Dorosomatinae,herrings,reef-associated,38,
Chirocentrodon bleekerianus,"HERRING,DOGTOOTH",Dogtooth herring,4436,NA,herrings,pelagic-neritic,16.10000038,
Jenkinsia lamprotaenia,"HERRING,DWARF",Dwarf round herring,7908,NA,herrings,reef-associated,7.5,
Clupeidae,HERRINGS,herrings,,Clupeidae,herrings,reef-associated,21.2,
Sardinella,"HERRING,SARDINELLA",NA,NA,Sardinella,herrings,reef-associated,20.5,1
Carangidae,JACKS,NA,NA,Carangidae,jacks,reef-associated,82.4,1
Selene setapinnis,"MOONFISH,ATLANTIC",Atlantic moonfish,3554,Caranginae,jacks,benthopelagic,60,
Caranx lugubris,"JACK,BLACK",Black jack,3864,Caranginae,jacks,benthopelagic,100,
Chloroscombrus chrysurus,"BUMPER,ATLANTIC",Atlantic bumper,4797,Caranginae,jacks,pelagic-neritic,65,
Decapterus macarellus,"SCAD,MACKEREL",Mackerel scad,10590,Caranginae,jacks,pelagic-oceanic,46,
Decapterus punctatus,"SCAD,ROUND",Round scad,10590,Caranginae,jacks,reef-associated,30,
Caranx crysos,BLUE RUNNER,Blue runner,3864,Caranginae,jacks,reef-associated,70,
Selar crumenophthalmus,"SCAD,BIGEYE",Bigeye scad,3942,Caranginae,jacks,reef-associated,70,
Caranx ruber,"JACK,BAR",Bar jack,3864,Caranginae,jacks,reef-associated,73,
Caranx bartholomaei,"JACK,YELLOW",Yellow jack,3864,Caranginae,jacks,reef-associated,100,
Caranx latus,"JACK,HORSE-EYE",Horse-eye jack,3864,Caranginae,jacks,reef-associated,101,
Caranx hippos,"JACK,CREVALLE",Crevalle jack,3864,Caranginae,jacks,reef-associated,124,
Alectis ciliaris,"POMPANO,AFRICAN",African pompano,2433,Caranginae,jacks,reef-associated,150,
Seriola rivoliana,"JACK,ALMACO",Longfin yellowtail,7464,Naucratinae,jacks,reef-associated,160,
Elagatis bipinnulata,RAINBOW RUNNER,Rainbow runner,1900,Naucratinae,jacks,reef-associated,180,
Seriola dumerili,"AMBERJACK,GREATER",Greater amberjack,7464,Naucratinae,jacks,reef-associated,190,
Seriola fasciata,FALSE AMBERJACK,Lesser amberjack,7464,Naucratinae,jacks,reef-associated,67.5,
Oligoplites saurus,LEATHERJACK,Leatherjacket,4180,Scomberoidinae,jacks,reef-associated,35,
Trachinotus carolinus,"POMPANO,FLORIDA",Florida pompano,2819,Trachinotinae,jacks,benthopelagic,64,
Trachinotus goodei,PALOMETA,Great pompano,2819,Trachinotinae,jacks,reef-associated,50,
Trachinotus falcatus,PERMIT,Permit,2819,Trachinotinae,jacks,reef-associated,122,
Elops saurus,LADYFISH,Ladyfish,565,NA,other,reef-associated,100,
Pterois,LIONFISH,NA,NA,Pterois,lionfish,reef-associated,45.7,
Synodus intermedius,"LIZARDFISH,SAND DIVER",Sand diver,3034,Synodontinae,lizardfish,reef-associated,46,
Synodontidae,"LIZARDFISH,UNSPECIFIED",NA,NA,Synodontinae,lizardfish,reef-associated,46,1
Scyllarides nodifer,"LOBSTER,RIDGED SLIPPER",NA,NA,NA,lobsters,invert,NA,
Scyllarides aequinoctialis,"LOBSTER,SPANISH SLIPPER",NA,NA,NA,lobsters,invert,NA,
Panulirus guttatus,"LOBSTER,SPOTTED SPINY",NA,NA,NA,lobsters,invert,NA,
Panulirus argus,"LOBSTERS,SPINY",NA,NA,NA,lobsters,invert,NA,
Gerres cinereus,"MOJARRA,YELLOWFIN",Yellow fin mojarra,2344,Gerreidae,mojarras,reef-associated,41,
Gerreidae,"MOJARRAS,UNSPECIFIED",NA,NA,Gerreidae,mojarras,reef-associated,36.6,
Diapterus plumieri,"MOJARRA,STRIPED",Striped mojarra,NA,Gerreidae,mojarras,reef-associated,40,
Diapterus rhombeus,"MOJARRA,RHOMBOID",Caitipa mojarra,6023,NA,mojarras,demersal,40,
Eucinostomus gula,"MOJARRA,SILVER JENNY",Jenny mojarra,722,NA,mojarras,reef-associated,25.5,
Agonostomus monticola,"MULLET,MOUNTAIN",Mountain mullet,NA,Mugilidae,mullets,reef-associated,36,
Mugilidae,"MULLET,UNSPECIFIED",NA,NA,Mugilidae,mullets,reef-associated,67,
Mugil liza,"MULLET,LIZA",Lebranche mullet,3595,NA,mullets,demersal,80,
Joturus pichardi,"MULLET,HOG",Bobo mullet,1658,NA,mullets,pelagic-neritic,61,
Mugil curema,"MULLET,WHITE",White mullet,3595,NA,mullets,reef-associated,91,
Osteichthyes,"FISHES,BONY,UNSPECIFIED",NA,NA,Osteichthyes,UNID,NA,NA,
Belonidae,"NEEDLEFISH,UNSPECIFIED",NA,NA,Belonidae,needlefishes,reef-associated,140,1
Ablennes hians,"NEEDLEFISH,FLAT",Flat needlefish,4864,NA,needlefishes,reef-associated,140,
Tylosurus crocodilus,HOUNDFISH,Hound needlefish,1044,NA,needlefishes,reef-associated,150,
Octopus,"OCTOPUS,UNSPECIFIED",NA,NA,Octopus,octopus,invert,NA,
Neoscombrops atlanticus,"SCOMBROPS,ATLANTIC",NA,NA,Malakichthyidae,other,demersal,24.5,
Megalopidae,TARPON,NA,NA,Megalopidae,other,reef-associated,250,
Nomeus gronovii,MAN-OF-WAR FISH,Man-of-war fish,4085,NA,other,demersal,39,
Peprilus paru,"HARVESTFISH,NORTHERN",American harvestfish,2567,NA,other,benthopelagic,30,
Polymixiidae,BEARDFISH,NA,NA,Polymixiidae,other,bathydemersal,20,
Polynemidae,THREADFIN,Barbu,NA,Polynemidae,other,demersal,33,
Stromateidae,"BUTTERFISH,UNSPECIFIED",Atlantic butterfish,NA,Stromateidae,other,pelagic,30,
Megalops atlanticus,TARPON,Tarpon,5018,NA,other,reef-associated,250,
Crassostrea rhizophorae,MANGROVE OYSTER,NA,NA,NA,oyster,invert,NA,
Scaridae,"PARROTFISHES,UNSPECIFIED",NA,NA,Scaridae,parrotfishes,reef-associated,105.67,1
Scarus coelestinus,"PARROTFISH,MIDNIGHT",Midnight parrotfish,4784,Scarinae,parrotfishes,reef-associated,77,
Scarus coeruleus,"PARROTFISH,BLUE",Blue parrotfish,4784,Scarinae,parrotfishes,reef-associated,120,
Scarus guacamaia,"PARROTFISH,RAINBOW",Rainbow parrotfish,4784,Scarinae,parrotfishes,reef-associated,120,
Sparisoma chrysopterum,"PARROTFISH,REDTAIL",Redtail parrotfish,4306,Sparisomatinae,parrotfishes,reef-associated,46,
Sparisoma viride,"PARROTFISH,STOPLIGHT",Stoplight parrotfish,4306,Sparisomatinae,parrotfishes,reef-associated,64,
Scarus taeniopterus,PRINCESS PARROTFISH,Princess parrotfish,4784,Scarinae,parrotfishes,reef-associated,35,
Sparisoma rubripinne,REDFIN PARROTFISH,Redfin parrotfish,4306,Sparisomatinae,parrotfishes,reef-associated,47.8,
Calamus,PORGY (CALAMUS),NA,NA,Calamus,porgies,reef-associated,49.6,1
Archosargus rhomboidalis,"PORGY,SEA BREAM",Western Atlantic seabream,9352,NA,porgies,reef-associated,33,
Calamus pennatula,"PORGY,PLUMA",Pluma porgy,2964,NA,porgies,reef-associated,37,
Calamus penna,"PORGY,SHEEPSHEAD (CALAMUS)",Sheepshead porgy,2964,NA,porgies,reef-associated,46,
Calamus calamus,"PORGY,SAUCEREYE",Saucereye porgy,2964,NA,porgies,reef-associated,56,
Calamus bajonado,"PORGY,JOLTHEAD",Jolthead porgy,2964,NA,porgies,reef-associated,76,
Sparidae,"PORGY,UNSPECIFIED",NA,NA,Sparidae,porgies,reef-associated,49.6,1
Diodontidae,"BURRFISHES,UNSPECIFIED",Longspined porcupinefish,NA,Diodontidae,pufferfishes,reef-associated,50,1
Diodon hystrix,PORCUPINEFISH,Spot-fin porcupinefish,822,NA,pufferfishes,reef-associated,91,
Tetraodontidae,"PUFFERS,UNSPECIFIED",NA,NA,Tetraodontidae,pufferfishes,reef-associated,65,1
Lagocephalus laevigatus,"PUFFER,SMOOTH",Smooth puffer,3142,Tetraodontinae,pufferfishes,pelagic-neritic,100,
Sphoeroides spengleri,"PUFFER,BANDTAIL",Bandtail puffer,4586,Tetraodontinae,pufferfishes,reef-associated,30,
Dasyatis americana,"STINGRAY,SOUTHERN",Southern stingray,NA,Dasyatidae,rays,demersal,200,
Dasyatidae,"STINGRAYS,UNSPECIFIED",NA,NA,Dasyatidae,rays,demersal,200,1
Mobulidae,"RAYS,MANTA",NA,NA,Mobulidae,rays,pelagic,910,
Manta birostris,"RAYS,MANTA",Giant manta,NA,Mobulidae,rays,pelagic,910,
Myliobatidae,"RAYS,EAGLE",NA,NA,Myliobatidae,rays,demersal,230,
Aetobatus narinari,"RAY,SPOTTED EAGLE",Whitespotted eagle ray,3987,NA,rays,benthopelagic,230,
Echeneidae,REMORA,NA,NA,Echeneidae,remora,reef-associated,86.4,
Remora remora,REMORA,Shark sucker,847,NA,remora,reef-associated,86.40000153,
Echeneis naucrates,"REMORA,SHARKSUCKER",Live sharksucker,5569,NA,remora,reef-associated,110,
Histrio histrio,SARGASSUMFISH,Sargassumfish,3872,Antennariinae,sargassumfish,reef-associated,20,
Hippocampus reidi,"SEAHORSE,LONGSNOUT",Longsnout seahorse,5566,Syngnathinae,seahorse,reef-associated,17.5,
Carcharhinidae,"SHARKS,REQUIEM,UNSPECIFIED",NA,NA,Carcharhinidae,sharks,reef-associated,300,1
Hexanchus vitulus,"SHARK,BIGEYED SIXGILL",Bigeyed sixgill shark,NA,Hexanchidae,sharks,demersal,180,
Hexanchidae,"SHARK,COW",NA,NA,Hexanchidae,sharks,demersal,482,1
Lamnidae,"SHARK,MACKEREL",NA,NA,Lamnidae,sharks,pelagic-oceanic,445,1
Heptranchias perlo,"SHARK,SHARPNOSE SEVENGILL",Sharpnose sevengill shark,2342,NA,sharks,bathydemersal,137,
Rhincodon typus,"SHARK,WHALE",Whale shark,2283,NA,sharks,pelagic-oceanic,1700,
Isurus oxyrinchus,"SHARK,MAKO,SHORTFIN",Shortfin mako,6652,NA,sharks,pelagic-oceanic,445,
Galeocerdo cuvier,"SHARK,TIGER",Tiger shark,3620,NA,sharks,benthopelagic,750,
Prionace glauca,"SHARK,BLUE",Blue shark,2875,NA,sharks,pelagic-oceanic,400,
Carcharhinus limbatus,"SHARK,BLACKTIP",Blacktip shark,1358,NA,sharks,reef-associated,275,
Carcharhinus perezii,"SHARK,REEF",Caribbean reef shark,1358,NA,sharks,reef-associated,300,
Negaprion brevirostris,"SHARK,LEMON",Lemon shark,5927,NA,sharks,reef-associated,340,
Carcharhinus obscurus,"SHARK,DUSKY",Dusky shark,1358,NA,sharks,reef-associated,420,
Sphyrna lewini,"SHARK,HAMMERHEAD,SCALLOPED",Scalloped hammerhead,30,NA,sharks,pelagic-oceanic,430,
Sphyrna mokarran,"SHARK,HAMMERHEAD,GREAT",Great hammerhead,30,NA,sharks,pelagic-oceanic,610,
Ginglymostoma cirratum,"SHARK,NURSE",Nurse shark,1797,NA,sharks,reef-associated,430,
Orectolobidae,"SHARK,WOBBEGONGS",NA,NA,Orectolobidae,sharks,NA,NA,
Rhincodontidae,"SHARK,WHALE",NA,NA,Rhincodontidae,sharks,pelagic,1700,
Sphyrnidae,"SHARK,HAMMERHEAD,UNSPECIFIED",NA,NA,Sphyrnidae,sharks,pelagic-oceanic,520,1
Mustelus norrisi,"SHARK,SMOOTHHOUND,NARROWFIN",Narrowfin smooth-hound,6505,Triakinae,sharks,demersal,110,
Mustelus canis,"SHARK,DOGFISH,SMOOTH",Dusky smooth-hound,6505,Triakinae,sharks,demersal,150,
Crustacea,"SHELLFISH,UNSPECIFIED",NA,NA,Crustacea,shellfish,invert,NA,
Penaeus,"SHRIMP,PENAEUS,UNSPECIFIED",NA,NA,Penaeus,shrimp,invert,NA,
Atherinidae,SILVERSIDE,NA,NA,Atherinidae,silversides,reef-associated,10,1
Atherinomorus stipes,"SILVERSIDE,HARDHEAD",Hardhead silverside,2758,Atherinomorinae,silversides,reef-associated,10,
Eleotridae,SLEEPERS,NA,NA,Eleotridae,sleepers,demersal,57.5,1
Eleotris pisonis,"SLEEPER,SPINYCHEEK",Spinycheek sleeper,5744,Eleotrinae,sleepers,demersal,25,
Gobiomorus dormitor,"SLEEPER,BIGMOUTH",Bigmouth sleeper,2078,Eleotrinae,sleepers,demersal,90,
Cittarium pica,"TOPSNAIL,WEST INDIAN",NA,NA,NA,shellfish,invert,NA,
Gempylidae,SNAKE MACKERELS,NA,NA,Gempylidae,snake mackerels,pelagic-oceanic,100,1
Promethichthys prometheus,"SNAKE MACKEREL,PURPLE",Roudi escolar,2379,NA,snake mackerels,benthopelagic,100,
Ruvettus pretiosus,ESCOLAR,Oilfish,1045,NA,snake mackerels,benthopelagic,300,
Gempylus serpens,SNAKE MACKERELS,Snake mackerel,1960,NA,snake mackerels,pelagic-oceanic,100,
Apsilus dentatus,"SNAPPER,BLACK",Black snapper,1343,Apsilinae,snappers,reef-associated,65,
Etelis oculatus,"SNAPPER,QUEEN",Queen snapper,9802,Etelinae,snappers,bathydemersal,100,
Pristipomoides macropthalmus,"SNAPPER,CARDINAL",Cardinal snapper,NA,Lutjanidae,snappers,demersal,50,
Pristipomoides aquilonaris,WENCHMAN                 ,Wenchman,NA,Lutjanidae,snappers,demersal,56,
Lutjanidae,"SNAPPER,UNSPECIFIED",NA,NA,Lutjanidae,snappers,demersal,88.53,1
Rhomboplites aurorubens,"SNAPPER,VERMILION",Vermilion snapper,6165,Lutjaninae,snappers,demersal,60,
Lutjanus purpureus,"SNAPPER,CARIBBEAN RED",Southern red snapper,1202,Lutjaninae,snappers,demersal,100,
Lutjanus mahogoni,"SNAPPER,MAHOGANY",Mahogany snapper,1202,Lutjaninae,snappers,reef-associated,48,
Lutjanus synagris,"SNAPPER,LANE",Lane snapper,1202,Lutjaninae,snappers,reef-associated,60,
Lutjanus buccanella,"SNAPPER,BLACKFIN",Blackfin snapper,1202,Lutjaninae,snappers,reef-associated,75,
Lutjanus apodus,"SNAPPER,SCHOOLMASTER",Schoolmaster snapper,1202,Lutjaninae,snappers,reef-associated,79.09999847,
Lutjanus vivanus,"SNAPPER,SILK",Silk snapper,1202,Lutjaninae,snappers,reef-associated,83,
Ocyurus chrysurus,"SNAPPER,YELLOWTAIL",Yellowtail snapper,6197,Lutjaninae,snappers,reef-associated,86.30000305,
Lutjanus griseus,"SNAPPER,GRAY",Grey snapper,1202,Lutjaninae,snappers,reef-associated,89,
Lutjanus analis,"SNAPPER,MUTTON",Mutton snapper,1202,Lutjaninae,snappers,reef-associated,94,
Lutjanus jocu,"SNAPPER,DOG",Dog snapper,1202,Lutjaninae,snappers,reef-associated,128,
Lutjanus cyanopterus,"SNAPPER,CUBERA",Cubera snapper,1202,Lutjaninae,snappers,reef-associated,160,
Centropomidae,"SNOOK,UNSPECIFIED",Common snook,NA,Centropomidae,snook,demersal,140,
Centropomus ensiferus,"SNOOK,SWORDSPINE",Swordspine snook,549,NA,snook,benthopelagic,36.19499969,
Centropomus pectinatus,"SNOOK,TARPON",Tarpon snook,549,NA,snook,benthopelagic,56,
Centropomus parallelus,"SNOOK,FAT",Fat snook,549,NA,snook,demersal,72,
Centropomus undecimalis,"SNOOK,COMMON",Common snook,549,NA,snook,reef-associated,140,
Cynoglossidae,"SOLES,TONGUE",NA,NA,Cynoglossidae,other,demersal,15,1
Ephippididae,"SPADEFISH,ATLANTIC",NA,NA,Ephippididae,spadefish,demersal,91,
Chaetodipterus faber,"SPADEFISH,ATLANTIC",Atlantic spadefish,3445,NA,spadefish,reef-associated,91,
Theuthoidea,"SQUIDS,UNSPECIFIED",NA,NA,Theuthoidea,squid,invert,NA,
Holocentridae,SQUIRRELFISH,NA,NA,Holocentridae,squirrelfishes,reef-associated,61,1
Holocentrus adscensionis,SQUIRRELFISH,Squirrelfish,1088,Holocentrinae,squirrelfishes,reef-associated,61,
Myripristis jacobus,"SOLDIERFISH,BLACKBAR",Blackbar soldierfish,5158,Myripristinae,squirrelfishes,reef-associated,25,
Acanthuridae,"SURGEONFISH,UNSPECIFIED",NA,NA,Acanthuridae,surgeonfishes,reef-associated,39,1
Acanthurus chirurgus,"SURGEONFISH,DOCTORFISH",Doctorfish,9710,Acanthurinae,surgeonfishes,reef-associated,39,
Acanthurus bahianus,"SURGEONFISH,OCEAN",Barber surgeonfish,9710,Acanthurinae,surgeonfishes,reef-associated,39,1
Malacanthidae,"TILEFISH,UNSPECIFIED",NA,NA,Malacanthidae,tilefishes,demersal,65,
Malacanthus plumieri,"TILEFISH,SAND",Sand tilefish,497,NA,tilefishes,reef-associated,70,
Caulolatilus cyanops,"TILEFISH,BLACKLINE",Blackline tilefish,1615,NA,tilefishes,demersal,60,
Balistidae,"TRIGGERFISH,UNSPECIFIED",NA,NA,Balistidae,triggerfishes,reef-associated,52.5,1
Xanthichthys ringens,"TRIGGERFISH,SARGASSUM",Sargassum triggerfish,5217,NA,triggerfishes,reef-associated,25,
Melichthys niger,"DURGON,BLACK",Black triggerfish,3393,NA,triggerfishes,reef-associated,50,
Balistes capriscus,"TRIGGERFISH,GRAY",Grey triggerfish,4755,NA,triggerfishes,reef-associated,60,
Balistes vetula,"TRIGGERFISH,QUEEN",Queen triggerfish,4755,NA,triggerfishes,reef-associated,60,
Canthidermis sufflamen,"TRIGGERFISH,OCEAN",Ocean triggerfish,4372,NA,triggerfishes,reef-associated,65,
Lobotidae,FLASHERS,NA,NA,Lobotidae,tripletail,benthopelagic,110,1
Lobotes surinamensis,TRIPLETAIL,Tripletail,165,NA,tripletail,benthopelagic,110,
Fistulariidae,CORNETFISH,NA,NA,Fistulariidae,trumpetfishes,reef-associated,200,
Aulostomus maculatus,TRUMPETFISH,Trumpetfish,4704,NA,trumpetfishes,reef-associated,100,
Fistularia tabacaria,"CORNETFISH,BLUESPOTTED",Cornetfish,1424,NA,trumpetfishes,reef-associated,200,
Scombridae,"TUNA AND MACKERELS,UNSPECIFI",NA,NA,Scombridae,tunas and mackerels,pelagic-neritic,163.6,1
Auxis rochei,"MACKEREL,BULLET",Bullet tuna,220,Scombrinae,tunas and mackerels,pelagic-neritic,50,
Scomberomorus cavalla,"MACKEREL,KING",King mackerel,2960,Scombrinae,tunas and mackerels,pelagic-neritic,184,
Thunnus atlanticus,"TUNA,BLACKFIN",Blackfin tuna,8961,Scombrinae,tunas and mackerels,pelagic-oceanic,107.9499969,
Katsuwonus pelamis,"TUNA,SKIPJACK",Skipjack tuna,4643,Scombrinae,tunas and mackerels,pelagic-oceanic,110,
Euthynnus alletteratus,"TUNNY,LITTLE",Little tunny,7010,Scombrinae,tunas and mackerels,pelagic-oceanic,122,
Thunnus alalunga,"TUNA,ALBACORE",Albacore,8961,Scombrinae,tunas and mackerels,pelagic-oceanic,140,
Thunnus albacares,"TUNA,YELLOWFIN",Yellowfin tuna,8961,Scombrinae,tunas and mackerels,pelagic-oceanic,239,
Thunnus obesus,"TUNA,BIGEYE",Bigeye tuna,8961,Scombrinae,tunas and mackerels,pelagic-oceanic,250,
Acanthocybium solandri,WAHOO,Wahoo,369,Scombrinae,tunas and mackerels,pelagic-oceanic,250,
Scomberomorus regalis,"MACKEREL,CERO",Cero,2960,Scombrinae,tunas and mackerels,reef-associated,183,
Bodianus rufus,"WRASSE,SPANISH HOGFISH",Spanish hogfish,1995,Bodianinae,wrasses,reef-associated,40,
Halichoeres radiatus,"WRASSE,PUDDINGWIFE",Puddingwife wrasse,1901,Corinae,wrasses,reef-associated,51,
Labridae,"WRASSES,UNSPECIFIED",NA,NA,Labridae,wrasses,reef-associated,45.5,1
Lachnolaimus maximus,HOGFISH,Hogfish,219,NA,wrasses,reef-associated,91,
